year,e_payments_per_capita
2018,123.71803090345834
2019,149.72781053536346
2020,169.89973020014733
2021,220.20427842583499
2022,284.3724875352199
2023,342.96260709580844
